-- Seed inicial gerado a partir de demo-data.json.
-- Execute depois de supabase/schema.sql.
begin;
truncate table public.entry_items, public.entries, public.monthly_closures, public.exports, public.audit_logs, public.nutritionist_schools, public.schools, public.routes, public.cards, public.profiles, public.settings restart identity cascade;
insert into public.profiles (id, name, username, password_hash, role, active) values ('admin', 'Coordenação', 'admin', '8c6976e5b5410415bde908bd4dee15dfb167a9c873fc4bb8a81f6f2ab448a918', 'admin', true);
insert into public.profiles (id, name, username, password_hash, role, active) values ('user-dione.cibele', 'DIONE CIBELE', 'dione.cibele', 'a665a45920422f9d417e4867efdc4fb8a04a1f3fff1fa07e998e86f7f7a27ae3', 'nutritionist', true);
insert into public.profiles (id, name, username, password_hash, role, active) values ('user-beatriz.baiao', 'BEATRIZ BAIÃO', 'beatriz.baiao', 'a665a45920422f9d417e4867efdc4fb8a04a1f3fff1fa07e998e86f7f7a27ae3', 'nutritionist', true);
insert into public.profiles (id, name, username, password_hash, role, active) values ('user-rebecca.tranquilli', 'REBECCA TRANQUILLI', 'rebecca.tranquilli', 'a665a45920422f9d417e4867efdc4fb8a04a1f3fff1fa07e998e86f7f7a27ae3', 'nutritionist', true);
insert into public.profiles (id, name, username, password_hash, role, active) values ('user-evelyn.louise', 'EVELYN LOUISE', 'evelyn.louise', 'a665a45920422f9d417e4867efdc4fb8a04a1f3fff1fa07e998e86f7f7a27ae3', 'nutritionist', true);
insert into public.profiles (id, name, username, password_hash, role, active) values ('user-rafaela.anjos', 'RAFAELA ANJOS', 'rafaela.anjos', 'a665a45920422f9d417e4867efdc4fb8a04a1f3fff1fa07e998e86f7f7a27ae3', 'nutritionist', true);
insert into public.profiles (id, name, username, password_hash, role, active) values ('user-flavia.franco', 'FLÁVIA FRANCO', 'flavia.franco', 'a665a45920422f9d417e4867efdc4fb8a04a1f3fff1fa07e998e86f7f7a27ae3', 'nutritionist', true);
insert into public.profiles (id, name, username, password_hash, role, active) values ('user-carla.amparo', 'CARLA AMPARO', 'carla.amparo', 'a665a45920422f9d417e4867efdc4fb8a04a1f3fff1fa07e998e86f7f7a27ae3', 'nutritionist', true);
insert into public.profiles (id, name, username, password_hash, role, active) values ('user-isadora.cardim', 'ISADORA CARDIM', 'isadora.cardim', 'a665a45920422f9d417e4867efdc4fb8a04a1f3fff1fa07e998e86f7f7a27ae3', 'nutritionist', true);
insert into public.profiles (id, name, username, password_hash, role, active) values ('user-vanessa.galvao', 'VANESSA GALVÃO', 'vanessa.galvao', 'a665a45920422f9d417e4867efdc4fb8a04a1f3fff1fa07e998e86f7f7a27ae3', 'nutritionist', true);
insert into public.profiles (id, name, username, password_hash, role, active) values ('user-tassia.virginia', 'TÁSSIA VIRGINIA', 'tassia.virginia', 'a665a45920422f9d417e4867efdc4fb8a04a1f3fff1fa07e998e86f7f7a27ae3', 'nutritionist', true);
insert into public.profiles (id, name, username, password_hash, role, active) values ('user-mercia.nolair', 'MÉRCIA NOLAIR', 'mercia.nolair', 'a665a45920422f9d417e4867efdc4fb8a04a1f3fff1fa07e998e86f7f7a27ae3', 'nutritionist', true);
insert into public.profiles (id, name, username, password_hash, role, active) values ('user-claudia.brim', 'CLAUDIA BRIM', 'claudia.brim', 'a665a45920422f9d417e4867efdc4fb8a04a1f3fff1fa07e998e86f7f7a27ae3', 'nutritionist', true);
insert into public.profiles (id, name, username, password_hash, role, active) values ('user-ana.silvana', 'ANA SILVANA', 'ana.silvana', 'a665a45920422f9d417e4867efdc4fb8a04a1f3fff1fa07e998e86f7f7a27ae3', 'nutritionist', true);
insert into public.routes (id, name) values ('route-cajazeiras', 'CAJAZEIRAS') on conflict (id) do nothing;
insert into public.routes (id, name) values ('route-centro', 'CENTRO') on conflict (id) do nothing;
insert into public.routes (id, name) values ('route-cidade-baixa', 'CIDADE BAIXA') on conflict (id) do nothing;
insert into public.routes (id, name) values ('route-liberdade', 'LIBERDADE') on conflict (id) do nothing;
insert into public.routes (id, name) values ('route-sao-caetano', 'SAO CAETANO') on conflict (id) do nothing;
insert into public.routes (id, name) values ('route-sem-rota', 'SEM ROTA') on conflict (id) do nothing;
insert into public.routes (id, name) values ('route-suburbio-i', 'SUBURBIO I') on conflict (id) do nothing;
insert into public.routes (id, name) values ('route-suburbio-ii', 'SUBURBIO II') on conflict (id) do nothing;
insert into public.schools (id, row_number, code, name, short_name, route_id, company, address, active) values ('school-5', 5, '0101', '0101 - ESCOLA MUNICIPAL PROFESSOR ALEXANDRE LEAL COSTA', 'ESCOLA MUNICIPAL PROFESSOR ALEXANDRE LEAL COSTA', 'route-centro', 'LOTE 02', 'Rua da Castanheda, 37, Nazaré. Próximo ao Orixás Center ao lado da Auto Escola Aliança. (Assim que termina o viaduto do Orixás tem uma ladeirinha à direita)', true);
insert into public.nutritionist_schools (profile_id, school_id) values ('user-dione.cibele', 'school-5') on conflict do nothing;
insert into public.schools (id, row_number, code, name, short_name, route_id, company, address, active) values ('school-6', 6, '0103', '0103 - ESCOLA MUNICIPAL COSME DE FARIAS', 'ESCOLA MUNICIPAL COSME DE FARIAS', 'route-sao-caetano', 'LOTE 02', 'Rua Galdino Franklim Bandeira, 59, Nazare', true);
insert into public.nutritionist_schools (profile_id, school_id) values ('user-dione.cibele', 'school-6') on conflict do nothing;
insert into public.schools (id, row_number, code, name, short_name, route_id, company, address, active) values ('school-7', 7, '0106', '0106 - CENTRO MUNICIPAL DE EDUCACAO INFANTIL ABRIGO DO SALVADOR', 'CENTRO MUNICIPAL DE EDUCACAO INFANTIL ABRIGO DO SALVADOR', 'route-centro', '', 'Tv. Campinas de Brotas, 32 - Campinas de Brotas,', true);
insert into public.nutritionist_schools (profile_id, school_id) values ('user-beatriz.baiao', 'school-7') on conflict do nothing;
insert into public.schools (id, row_number, code, name, short_name, route_id, company, address, active) values ('school-8', 8, '0109', '0109 - CENTRO MUNICIPAL DE EDUCACAO INFANTIL CSU MAJOR COSME DE FARIAS', 'CENTRO MUNICIPAL DE EDUCACAO INFANTIL CSU MAJOR COSME DE FARIAS', 'route-centro', '', 'Rua Lalita Costa, 349. Vila Laura', true);
insert into public.nutritionist_schools (profile_id, school_id) values ('user-rebecca.tranquilli', 'school-8') on conflict do nothing;
insert into public.schools (id, row_number, code, name, short_name, route_id, company, address, active) values ('school-9', 9, '0110', '0110 - ESCOLA MUNICIPAL SANTA ANGELA DAS MERCES', 'ESCOLA MUNICIPAL SANTA ANGELA DAS MERCES', 'route-centro', '', 'Av. Sete de Setembro, S/N - Dois de Julho, Salvador - BA, 40060-000 , ENTRAR PELO ESTACIONAMENTO, LADEIRA AO LADO DA AUTO ESCOLA ALIANÇA', true);
insert into public.nutritionist_schools (profile_id, school_id) values ('user-dione.cibele', 'school-9') on conflict do nothing;
insert into public.schools (id, row_number, code, name, short_name, route_id, company, address, active) values ('school-10', 10, '0111', '0111 - ESCOLA MUNICIPAL LUIZ ANSELMO', 'ESCOLA MUNICIPAL LUIZ ANSELMO', 'route-sao-caetano', 'LOTE 02', 'Rua Luiz Anselmo, 175, Luis Anselmo', true);
insert into public.nutritionist_schools (profile_id, school_id) values ('user-rebecca.tranquilli', 'school-10') on conflict do nothing;
insert into public.schools (id, row_number, code, name, short_name, route_id, company, address, active) values ('school-11', 11, '0112', '0112 - CENTRO MUNICIPAL DE EDUCACAO INFANTIL PAROQUIAL DE SANTANA', 'CENTRO MUNICIPAL DE EDUCACAO INFANTIL PAROQUIAL DE SANTANA', 'route-sao-caetano', 'LOTE 02', 'Ladeira de Santana, 1 - Nazaré, Salvador - BA, 40040-460', true);
insert into public.nutritionist_schools (profile_id, school_id) values ('user-dione.cibele', 'school-11') on conflict do nothing;
insert into public.schools (id, row_number, code, name, short_name, route_id, company, address, active) values ('school-12', 12, '0113', '0113 - ESCOLA MUNICIPAL JOIR BRASILEIRO', 'ESCOLA MUNICIPAL JOIR BRASILEIRO', 'route-liberdade', 'LOTE 02', 'Rua Doutor Mario Campos, 221, Brotas', true);
insert into public.nutritionist_schools (profile_id, school_id) values ('user-beatriz.baiao', 'school-12') on conflict do nothing;
insert into public.schools (id, row_number, code, name, short_name, route_id, company, address, active) values ('school-13', 13, '0120', '0120 - ESCOLA MUNICIPAL OLGA FIGUEIREDO DE AZEVEDO', 'ESCOLA MUNICIPAL OLGA FIGUEIREDO DE AZEVEDO', 'route-sem-rota', '', '', true);
insert into public.nutritionist_schools (profile_id, school_id) values ('user-rebecca.tranquilli', 'school-13') on conflict do nothing;
insert into public.schools (id, row_number, code, name, short_name, route_id, company, address, active) values ('school-14', 14, '0121', '0121 - ESCOLA MUNICIPAL SEBASTIAO DIAS', 'ESCOLA MUNICIPAL SEBASTIAO DIAS', 'route-centro', 'LOTE 02', 'Rua Ariston Bertino de Carvalho, sn, Brotas', true);
insert into public.nutritionist_schools (profile_id, school_id) values ('user-beatriz.baiao', 'school-14') on conflict do nothing;
insert into public.schools (id, row_number, code, name, short_name, route_id, company, address, active) values ('school-15', 15, '0124', '0124 - ESCOLA MUNICIPAL LELIS PIEDADE', 'ESCOLA MUNICIPAL LELIS PIEDADE', 'route-centro', 'LOTE 02', 'Rua Cosme de Farias, sn, Cosme de Farias', true);
insert into public.nutritionist_schools (profile_id, school_id) values ('user-beatriz.baiao', 'school-15') on conflict do nothing;
insert into public.schools (id, row_number, code, name, short_name, route_id, company, address, active) values ('school-16', 16, '0125', '0125 - ESCOLA MUNICIPAL AILTON SOARES', 'ESCOLA MUNICIPAL AILTON SOARES', 'route-sem-rota', '', '', true);
insert into public.nutritionist_schools (profile_id, school_id) values ('user-rebecca.tranquilli', 'school-16') on conflict do nothing;
insert into public.schools (id, row_number, code, name, short_name, route_id, company, address, active) values ('school-17', 17, '0126', '0126 - ESCOLA MUNICIPAL JOAO LINO', 'ESCOLA MUNICIPAL JOAO LINO', 'route-sao-caetano', 'LOTE 02', 'R. Maciel de Cima, 6 - Pelourinho, Salvador - BA, 40026-250', true);
insert into public.nutritionist_schools (profile_id, school_id) values ('user-rebecca.tranquilli', 'school-17') on conflict do nothing;
insert into public.schools (id, row_number, code, name, short_name, route_id, company, address, active) values ('school-18', 18, '0127', '0127 - ESCOLA MUNICIPAL AMELIA RODRIGUES', 'ESCOLA MUNICIPAL AMELIA RODRIGUES', 'route-sao-caetano', 'LOTE 02', 'Rua Amparo do Tororó, S/N- Tororó', true);
insert into public.nutritionist_schools (profile_id, school_id) values ('user-dione.cibele', 'school-18') on conflict do nothing;
insert into public.schools (id, row_number, code, name, short_name, route_id, company, address, active) values ('school-19', 19, '0128', '0128 - ESCOLA MUNICIPAL TEREZINHA VAZ DA SILVEIRA', 'ESCOLA MUNICIPAL TEREZINHA VAZ DA SILVEIRA', 'route-centro', 'LOTE 02', 'Rua Praça do Barbalho S/N na Escola Getúlio Vargas. Ponto de referência: próximo a Escola Municipal Suzana Imbassahy', true);
insert into public.nutritionist_schools (profile_id, school_id) values ('user-rebecca.tranquilli', 'school-19') on conflict do nothing;
insert into public.schools (id, row_number, code, name, short_name, route_id, company, address, active) values ('school-20', 20, '0130', '0130 - ESCOLA MUNICIPAL CASA DA PROVIDENCIA', 'ESCOLA MUNICIPAL CASA DA PROVIDENCIA', 'route-sao-caetano', 'LOTE 02', 'Rua Goes Calmon, 59, Saude', true);
insert into public.nutritionist_schools (profile_id, school_id) values ('user-dione.cibele', 'school-20') on conflict do nothing;
insert into public.schools (id, row_number, code, name, short_name, route_id, company, address, active) values ('school-21', 21, '0133', '0133 - ESCOLA SAO JOSE ANEXA AO COLEGIO SANTISSIMO SACRAMENTO', 'ESCOLA SAO JOSE ANEXA AO COLEGIO SANTISSIMO SACRAMENTO', 'route-centro', 'LOTE 02', 'Av. Leovigildo Filgueiras, 167 - Garcia, Salvador - BA, 40100-000', true);
insert into public.nutritionist_schools (profile_id, school_id) values ('user-dione.cibele', 'school-21') on conflict do nothing;
insert into public.schools (id, row_number, code, name, short_name, route_id, company, address, active) values ('school-22', 22, '0134', '0134 - ESCOLA MUNICIPAL DESPORTIVA SANTA RITA', 'ESCOLA MUNICIPAL DESPORTIVA SANTA RITA', 'route-cidade-baixa', 'LOTE 02', 'Largo Santa Rita, 51, Matatu', true);
insert into public.nutritionist_schools (profile_id, school_id) values ('user-rebecca.tranquilli', 'school-22') on conflict do nothing;
insert into public.schools (id, row_number, code, name, short_name, route_id, company, address, active) values ('school-23', 23, '0135', '0135 - ESCOLA MUNICIPAL PERMINIO LEITE', 'ESCOLA MUNICIPAL PERMINIO LEITE', 'route-cidade-baixa', 'LOTE 02', 'Rua Democrata, 41, Dois de Julho', true);
insert into public.nutritionist_schools (profile_id, school_id) values ('user-dione.cibele', 'school-23') on conflict do nothing;
insert into public.schools (id, row_number, code, name, short_name, route_id, company, address, active) values ('school-24', 24, '0136', '0136 - ESCOLA MUNICIPAL PAROQUIAL DA VITORIA', 'ESCOLA MUNICIPAL PAROQUIAL DA VITORIA', 'route-cidade-baixa', 'LOTE 02', 'Praça Rodrigues Lima, S/N- Vitória', true);
insert into public.nutritionist_schools (profile_id, school_id) values ('user-dione.cibele', 'school-24') on conflict do nothing;
insert into public.schools (id, row_number, code, name, short_name, route_id, company, address, active) values ('school-25', 25, '0138', '0138 - ESCOLA MUNICIPAL MARTAGAO GESTEIRA', 'ESCOLA MUNICIPAL MARTAGAO GESTEIRA', 'route-sao-caetano', 'LOTE 02', 'Rua Almirante Alves Camara, dentro da Igreja Católica Santo Antônio (ao lado da associação comunitária Santa Luzia)', true);
insert into public.nutritionist_schools (profile_id, school_id) values ('user-beatriz.baiao', 'school-25') on conflict do nothing;
insert into public.schools (id, row_number, code, name, short_name, route_id, company, address, active) values ('school-26', 26, '0139', '0139 - ESCOLA MUNICIPAL MARIA QUITERIA', 'ESCOLA MUNICIPAL MARIA QUITERIA', 'route-suburbio-i', 'LOTE 02', 'Rua das Pitangueiras, 508, Matatu', true);
insert into public.nutritionist_schools (profile_id, school_id) values ('user-beatriz.baiao', 'school-26') on conflict do nothing;
insert into public.schools (id, row_number, code, name, short_name, route_id, company, address, active) values ('school-27', 27, '0140', '0140 - ESCOLA MUNICIPAL VIVALDO DA COSTA LIMA', 'ESCOLA MUNICIPAL VIVALDO DA COSTA LIMA', 'route-centro', 'LOTE 02', 'R. do Passo, Largo do Carmo, 57- Santo Antônio', true);
insert into public.nutritionist_schools (profile_id, school_id) values ('user-dione.cibele', 'school-27') on conflict do nothing;
insert into public.schools (id, row_number, code, name, short_name, route_id, company, address, active) values ('school-28', 28, '0141', '0141 - ESCOLA MUNICIPAL NOSSA SENHORA DOS ANJOS', 'ESCOLA MUNICIPAL NOSSA SENHORA DOS ANJOS', 'route-centro', 'LOTE 02', 'Av. Dom João VI, 450- Brotas, CEP: 40285-000. Próximo ao posto de saúde Manoel Vitorino', true);
insert into public.nutritionist_schools (profile_id, school_id) values ('user-beatriz.baiao', 'school-28') on conflict do nothing;
insert into public.schools (id, row_number, code, name, short_name, route_id, company, address, active) values ('school-29', 29, '0143', '0143 - ESCOLA MUNICIPAL SOROR JOANA ANGELICA', 'ESCOLA MUNICIPAL SOROR JOANA ANGELICA', 'route-suburbio-ii', 'LOTE 02', 'Ladeira de Santana, 03, Nazare', true);
insert into public.nutritionist_schools (profile_id, school_id) values ('user-dione.cibele', 'school-29') on conflict do nothing;
insert into public.schools (id, row_number, code, name, short_name, route_id, company, address, active) values ('school-30', 30, '0144', '0144 - ESCOLA MUNICIPAL RUY DE LIMA MALTEZ', 'ESCOLA MUNICIPAL RUY DE LIMA MALTEZ', 'route-cidade-baixa', 'LOTE 02', 'Ladeira do Gales, 118- Brotas', true);
insert into public.nutritionist_schools (profile_id, school_id) values ('user-beatriz.baiao', 'school-30') on conflict do nothing;
insert into public.schools (id, row_number, code, name, short_name, route_id, company, address, active) values ('school-31', 31, '0146', '0146 - ESCOLA MUNICIPAL PROFESSOR ARISTIDES NOVIS', 'ESCOLA MUNICIPAL PROFESSOR ARISTIDES NOVIS', 'route-cidade-baixa', 'LOTE 02', 'Alameda Piatã, 132- Campinas de Brotas', true);
insert into public.nutritionist_schools (profile_id, school_id) values ('user-beatriz.baiao', 'school-31') on conflict do nothing;
insert into public.schools (id, row_number, code, name, short_name, route_id, company, address, active) values ('school-32', 32, '0147', '0147 - ESCOLA MUNICIPAL JOAO PEDRO DOS SANTOS', 'ESCOLA MUNICIPAL JOAO PEDRO DOS SANTOS', 'route-cajazeiras', '', 'Avenida Mario Leal Ferreira, 36, Brotas', true);
insert into public.nutritionist_schools (profile_id, school_id) values ('user-rebecca.tranquilli', 'school-32') on conflict do nothing;
insert into public.schools (id, row_number, code, name, short_name, route_id, company, address, active) values ('school-33', 33, '0149', '0149 - ESCOLA MUNICIPAL COMUNITARIA DA HISTARTE', 'ESCOLA MUNICIPAL COMUNITARIA DA HISTARTE', 'route-centro', '', 'Rua Miguel Gustavo 1A, s/n, Brotas', true);
insert into public.nutritionist_schools (profile_id, school_id) values ('user-beatriz.baiao', 'school-33') on conflict do nothing;
insert into public.schools (id, row_number, code, name, short_name, route_id, company, address, active) values ('school-34', 34, '0150', '0150 - CENTRO MUNICIPAL DE EDUCACAO INFANTIL VIRGEM DE LA ALMUDENA', 'CENTRO MUNICIPAL DE EDUCACAO INFANTIL VIRGEM DE LA ALMUDENA', 'route-centro', '', 'Alameda Bons Ares, 211 - Brotas, Salvador - BA, 40296-360', true);
insert into public.nutritionist_schools (profile_id, school_id) values ('user-beatriz.baiao', 'school-34') on conflict do nothing;
insert into public.schools (id, row_number, code, name, short_name, route_id, company, address, active) values ('school-35', 35, '0152', '0152 - CENTRO MUNICIPAL DE EDUCACAO INFANTIL LUIS EDUARDO MAGALHAES', 'CENTRO MUNICIPAL DE EDUCACAO INFANTIL LUIS EDUARDO MAGALHAES', 'route-sao-caetano', 'LOTE 02', 'Av. Mário Leal Ferreira, S/N - Cosme de Farias, Salvador - BA, 40252-390', true);
insert into public.nutritionist_schools (profile_id, school_id) values ('user-rebecca.tranquilli', 'school-35') on conflict do nothing;
insert into public.schools (id, row_number, code, name, short_name, route_id, company, address, active) values ('school-36', 36, '0154', '0154 - CENTRO MUNICIPAL DE EDUCACAO INFANTIL IACY VAZ FAGUNDES', 'CENTRO MUNICIPAL DE EDUCACAO INFANTIL IACY VAZ FAGUNDES', 'route-sao-caetano', 'LOTE 02', 'v. Gen. Graça Lessa, 0 - Acupe de Brotas, Salvador - BA, 40290-500', true);
insert into public.nutritionist_schools (profile_id, school_id) values ('user-rebecca.tranquilli', 'school-36') on conflict do nothing;
insert into public.schools (id, row_number, code, name, short_name, route_id, company, address, active) values ('school-37', 37, '0155', '0155 - CENTRO MUNICIPAL DE EDUCACAO INFANTIL IEDA BARRADAS CARNEIRO', 'CENTRO MUNICIPAL DE EDUCACAO INFANTIL IEDA BARRADAS CARNEIRO', 'route-centro', 'LOTE 02', 'Av. Antônio Carlos Magalhães, S/N - Parque Bela Vista, Salvador - BA, 40280-000. Fica dentro da sede da CEDEBA', true);
insert into public.nutritionist_schools (profile_id, school_id) values ('user-beatriz.baiao', 'school-37') on conflict do nothing;
insert into public.schools (id, row_number, code, name, short_name, route_id, company, address, active) values ('school-38', 38, '0158', '0158 - CENTRO MUNICIPAL DE EDUCACAO INFANTIL NOSSA SENHORA DA VITORIA', 'CENTRO MUNICIPAL DE EDUCACAO INFANTIL NOSSA SENHORA DA VITORIA', 'route-sao-caetano', 'LOTE 02', 'R. Flórida, 134 - Graça, Salvador - BA, 40150-480', true);
insert into public.nutritionist_schools (profile_id, school_id) values ('user-dione.cibele', 'school-38') on conflict do nothing;
insert into public.schools (id, row_number, code, name, short_name, route_id, company, address, active) values ('school-39', 39, '0159', '0159 - ESCOLA MUNICIPAL SANTA RITA', 'ESCOLA MUNICIPAL SANTA RITA', 'route-suburbio-i', 'LOTE 02', 'R. Hélio de Oliveira, 75- Luís Anselmo', true);
insert into public.nutritionist_schools (profile_id, school_id) values ('user-rebecca.tranquilli', 'school-39') on conflict do nothing;
insert into public.schools (id, row_number, code, name, short_name, route_id, company, address, active) values ('school-40', 40, '0161', '0161 - ESCOLA MUNICIPAL HILDETE LOMANTO', 'ESCOLA MUNICIPAL HILDETE LOMANTO', 'route-liberdade', 'LOTE 02', 'Rua Prediliano Pitta, 01, Garcia', true);
insert into public.nutritionist_schools (profile_id, school_id) values ('user-dione.cibele', 'school-40') on conflict do nothing;
insert into public.schools (id, row_number, code, name, short_name, route_id, company, address, active) values ('school-41', 41, '0162', '0162 - ESCOLA MUNICIPAL VISCONDE DE CAIRU', 'ESCOLA MUNICIPAL VISCONDE DE CAIRU', 'route-centro', 'LOTE 02', 'Rua Frederico Costa, 73, Engenho Velho de Brotas', true);
insert into public.nutritionist_schools (profile_id, school_id) values ('user-beatriz.baiao', 'school-41') on conflict do nothing;
insert into public.schools (id, row_number, code, name, short_name, route_id, company, address, active) values ('school-42', 42, '0204', '0204 - ESCOLA MUNICIPAL CONSTANCA MEDEIROS', 'ESCOLA MUNICIPAL CONSTANCA MEDEIROS', 'route-suburbio-i', 'LOTE 02', 'Ladeira do Porto do Bonfim, 14, Bonfim', true);
insert into public.nutritionist_schools (profile_id, school_id) values ('user-evelyn.louise', 'school-42') on conflict do nothing;
insert into public.schools (id, row_number, code, name, short_name, route_id, company, address, active) values ('school-43', 43, '0205', '0205 - ESCOLA MUNICIPAL SIMOES FILHO', 'ESCOLA MUNICIPAL SIMOES FILHO', 'route-suburbio-ii', 'LOTE 02', 'Rua Engenheiro Fernando Baggi, S/N, Ribeira', true);
insert into public.nutritionist_schools (profile_id, school_id) values ('user-evelyn.louise', 'school-43') on conflict do nothing;
insert into public.schools (id, row_number, code, name, short_name, route_id, company, address, active) values ('school-44', 44, '0207', '0207 - ESCOLA MUNICIPAL HENRIQUETA MACHADO', 'ESCOLA MUNICIPAL HENRIQUETA MACHADO', 'route-sao-caetano', 'LOTE 02', 'Rua Santos Titara, 133, Massaranduba', true);
insert into public.nutritionist_schools (profile_id, school_id) values ('user-evelyn.louise', 'school-44') on conflict do nothing;
insert into public.schools (id, row_number, code, name, short_name, route_id, company, address, active) values ('school-45', 45, '0212', '0212 - ESCOLA MUNICIPAL HILBERTO SILVA', 'ESCOLA MUNICIPAL HILBERTO SILVA', 'route-centro', 'LOTE 02', 'Tv. São Domingos, 126 - 1ª - Calçada, Salvador - BA, 40411-200', true);
insert into public.nutritionist_schools (profile_id, school_id) values ('user-rafaela.anjos', 'school-45') on conflict do nothing;
insert into public.schools (id, row_number, code, name, short_name, route_id, company, address, active) values ('school-46', 46, '0213', '0213 - ESCOLA MUNICIPAL PRESIDENTE CASTELO BRANCO', 'ESCOLA MUNICIPAL PRESIDENTE CASTELO BRANCO', 'route-liberdade', 'LOTE 02', 'Av. São Roque, 17 - Uruguai, Salvador - BA, 40450-355', true);
insert into public.nutritionist_schools (profile_id, school_id) values ('user-rafaela.anjos', 'school-46') on conflict do nothing;
insert into public.schools (id, row_number, code, name, short_name, route_id, company, address, active) values ('school-47', 47, '0215', '0215 - ESCOLA MUNICIPAL SOCIEDADE 6 DE JANEIRO', 'ESCOLA MUNICIPAL SOCIEDADE 6 DE JANEIRO', 'route-cidade-baixa', 'LOTE 02', 'Rua Seis de Janeiro, 65, Uruguai', true);
insert into public.nutritionist_schools (profile_id, school_id) values ('user-rafaela.anjos', 'school-47') on conflict do nothing;
insert into public.schools (id, row_number, code, name, short_name, route_id, company, address, active) values ('school-48', 48, '0217', '0217 - ESCOLA MUNICIPAL TIRADENTES', 'ESCOLA MUNICIPAL TIRADENTES', 'route-cajazeiras', 'LOTE 02', 'R. Jardim Castro Alves, S/N - Vila Ruy Barbosa, Salvador - BA, 40430-275', true);
insert into public.nutritionist_schools (profile_id, school_id) values ('user-rafaela.anjos', 'school-48') on conflict do nothing;
insert into public.schools (id, row_number, code, name, short_name, route_id, company, address, active) values ('school-49', 49, '0221', '0221 - CENTRO MUNICIPAL DE EDUCACAO INFANTIL BARONESA DE SAUIPE', 'CENTRO MUNICIPAL DE EDUCACAO INFANTIL BARONESA DE SAUIPE', 'route-centro', 'LOTE 02', 'Rua Rafael Uchoa, 98 Massaranduba CEP: 40435-590. Ponto de referência: fica atrás do SESI na Igreja Batista.', true);
insert into public.nutritionist_schools (profile_id, school_id) values ('user-evelyn.louise', 'school-49') on conflict do nothing;
insert into public.schools (id, row_number, code, name, short_name, route_id, company, address, active) values ('school-50', 50, '0226', '0226 - ESCOLA MUNICIPAL PROFESSOR FREIRE FILHO', 'ESCOLA MUNICIPAL PROFESSOR FREIRE FILHO', 'route-cidade-baixa', 'LOTE 02', 'Largo do Bonfim 180, Bonfim', true);
insert into public.nutritionist_schools (profile_id, school_id) values ('user-evelyn.louise', 'school-50') on conflict do nothing;
insert into public.schools (id, row_number, code, name, short_name, route_id, company, address, active) values ('school-51', 51, '0228', '0228 - ESCOLA MUNICIPAL ALMERINDA COSTA', 'ESCOLA MUNICIPAL ALMERINDA COSTA', 'route-centro', 'LOTE 02', 'Rua José Geraldo Veloso Gordilho, N56 – Uruguai', true);
insert into public.nutritionist_schools (profile_id, school_id) values ('user-rafaela.anjos', 'school-51') on conflict do nothing;
insert into public.schools (id, row_number, code, name, short_name, route_id, company, address, active) values ('school-52', 52, '0230', '0230 - ESCOLA MUNICIPAL MELVIN JONES', 'ESCOLA MUNICIPAL MELVIN JONES', 'route-centro', 'LOTE 02', 'Rua Jaime Coelho , 60, Massarandanduba', true);
insert into public.nutritionist_schools (profile_id, school_id) values ('user-evelyn.louise', 'school-52') on conflict do nothing;
insert into public.schools (id, row_number, code, name, short_name, route_id, company, address, active) values ('school-53', 53, '0232', '0232 - ESCOLA MUNICIPAL GERALDO TAVARES', 'ESCOLA MUNICIPAL GERALDO TAVARES', 'route-centro', '', 'R. Antônio Francisco Brandão, 7 - Roma, Salvador - BA, 40444-020', true);
insert into public.nutritionist_schools (profile_id, school_id) values ('user-rafaela.anjos', 'school-53') on conflict do nothing;
insert into public.schools (id, row_number, code, name, short_name, route_id, company, address, active) values ('school-54', 54, '0233', '0233 - ESCOLA MUNICIPAL UNIAO COMUNITARIA', 'ESCOLA MUNICIPAL UNIAO COMUNITARIA', 'route-cidade-baixa', 'LOTE 02', 'Rua Comunidade, 54, Vila Ruy Barbosa', true);
insert into public.nutritionist_schools (profile_id, school_id) values ('user-rafaela.anjos', 'school-54') on conflict do nothing;
insert into public.schools (id, row_number, code, name, short_name, route_id, company, address, active) values ('school-55', 55, '0234', '0234 - ESCOLA MUNICIPAL PRIMEIRO DE MAIO', 'ESCOLA MUNICIPAL PRIMEIRO DE MAIO', 'route-centro', 'LOTE 02', 'Rua Rafael Uchôa, 98, Massaranduba (em frente a Escola Educriarte)', true);
insert into public.nutritionist_schools (profile_id, school_id) values ('user-evelyn.louise', 'school-55') on conflict do nothing;
insert into public.schools (id, row_number, code, name, short_name, route_id, company, address, active) values ('school-56', 56, '0237', '0237 - ESCOLA MUNICIPAL SANTA BARBARA', 'ESCOLA MUNICIPAL SANTA BARBARA', 'route-liberdade', 'LOTE 02', 'Rua Alto da Bela Vista, 225, Vila Ruy Barbosa', true);
insert into public.nutritionist_schools (profile_id, school_id) values ('user-rafaela.anjos', 'school-56') on conflict do nothing;
insert into public.schools (id, row_number, code, name, short_name, route_id, company, address, active) values ('school-57', 57, '0238', '0238 - ESCOLA MUNICIPAL CENTRO SOCIAL MANGUEIRA', 'ESCOLA MUNICIPAL CENTRO SOCIAL MANGUEIRA', 'route-suburbio-ii', '', 'Travessa Rubem Amorim, 111 - Massaranduba, Salvador - BA, 40420-000', true);
insert into public.nutritionist_schools (profile_id, school_id) values ('user-evelyn.louise', 'school-57') on conflict do nothing;
insert into public.schools (id, row_number, code, name, short_name, route_id, company, address, active) values ('school-58', 58, '0239', '0239 - ESCOLA MUNICIPAL CARMELITANA DO MENINO JESUS', 'ESCOLA MUNICIPAL CARMELITANA DO MENINO JESUS', 'route-sem-rota', '', '', true);
insert into public.nutritionist_schools (profile_id, school_id) values ('user-evelyn.louise', 'school-58') on conflict do nothing;
insert into public.schools (id, row_number, code, name, short_name, route_id, company, address, active) values ('school-59', 59, '0240', '0240 - CENTRO MUNICIPAL DE EDUCACAO INFANTIL DR AUGUSTO LOPES PONTES', 'CENTRO MUNICIPAL DE EDUCACAO INFANTIL DR AUGUSTO LOPES PONTES', 'route-centro', '', 'Av. Luiz Tarquínio, 83 - Boa Viagem, Salvador - BA, 40414-120', true);
insert into public.nutritionist_schools (profile_id, school_id) values ('user-rafaela.anjos', 'school-59') on conflict do nothing;
insert into public.schools (id, row_number, code, name, short_name, route_id, company, address, active) values ('school-60', 60, '0241', '0241 - ESCOLA MUNICIPAL ELOYNA BARRADAS', 'ESCOLA MUNICIPAL ELOYNA BARRADAS', 'route-sem-rota', '', '', true);
insert into public.nutritionist_schools (profile_id, school_id) values ('user-evelyn.louise', 'school-60') on conflict do nothing;
insert into public.schools (id, row_number, code, name, short_name, route_id, company, address, active) values ('school-61', 61, '0242', '0242 - CENTRO MUNICIPAL DE EDUCACAO INFANTIL ARLETE MAGALHAES', 'CENTRO MUNICIPAL DE EDUCACAO INFANTIL ARLETE MAGALHAES', 'route-centro', 'LOTE 02', 'R. Antônio Francisco Brandão, 16 - Roma, Salvador - BA, 40444-020', true);
insert into public.nutritionist_schools (profile_id, school_id) values ('user-rafaela.anjos', 'school-61') on conflict do nothing;
insert into public.schools (id, row_number, code, name, short_name, route_id, company, address, active) values ('school-62', 62, '0244', '0244 - CENTRO MUNICIPAL DE EDUCACAO INFANTIL MARIA DA CONCEICAO COSTA', 'CENTRO MUNICIPAL DE EDUCACAO INFANTIL MARIA DA CONCEICAO COSTA', 'route-suburbio-i', 'LOTE 02', 'R. Resende Costa, Sn - Vila Ruy Barbosa, Salvador - BA, 40430-000', true);
insert into public.nutritionist_schools (profile_id, school_id) values ('user-evelyn.louise', 'school-62') on conflict do nothing;
insert into public.schools (id, row_number, code, name, short_name, route_id, company, address, active) values ('school-63', 63, '0245', '0245 - CENTRO MUNICIPAL DE EDUCACAO INFANTIL NOSSA SENHORA DAS GRACAS', 'CENTRO MUNICIPAL DE EDUCACAO INFANTIL NOSSA SENHORA DAS GRACAS', 'route-centro', '', 'Av. Luiz tarquinio- Boa Viagem n° 120', true);
insert into public.nutritionist_schools (profile_id, school_id) values ('user-rafaela.anjos', 'school-63') on conflict do nothing;
insert into public.schools (id, row_number, code, name, short_name, route_id, company, address, active) values ('school-64', 64, '0246', '0246 - ESCOLA MUNICIPAL PROFESSORA MARIA JOSE DE PAULA MOREIRA', 'ESCOLA MUNICIPAL PROFESSORA MARIA JOSE DE PAULA MOREIRA', 'route-liberdade', 'LOTE 02', 'R. Aníbal da Silva García, 50 - Ribeira, Salvador - BA, 40421-020', true);
insert into public.nutritionist_schools (profile_id, school_id) values ('user-evelyn.louise', 'school-64') on conflict do nothing;
insert into public.schools (id, row_number, code, name, short_name, route_id, company, address, active) values ('school-65', 65, '0247', '0247 - ESCOLA MUNICIPAL ALFREDO AMORIM', 'ESCOLA MUNICIPAL ALFREDO AMORIM', 'route-sem-rota', '', '', true);
insert into public.nutritionist_schools (profile_id, school_id) values ('user-evelyn.louise', 'school-65') on conflict do nothing;
insert into public.schools (id, row_number, code, name, short_name, route_id, company, address, active) values ('school-66', 66, '0301', '0301 - ESCOLA MUNICIPAL ANTONIO CARLOS MAGALHAES', 'ESCOLA MUNICIPAL ANTONIO CARLOS MAGALHAES', 'route-suburbio-i', '', 'Rua Esperanto, 7, Sao Caetano', true);
insert into public.nutritionist_schools (profile_id, school_id) values ('user-flavia.franco', 'school-66') on conflict do nothing;
insert into public.schools (id, row_number, code, name, short_name, route_id, company, address, active) values ('school-67', 67, '0303', '0303 - ESCOLA MUNICIPAL ASSISTENCIA SOCIAL SAO JOSE', 'ESCOLA MUNICIPAL ASSISTENCIA SOCIAL SAO JOSE', 'route-centro', '', 'Rua Promotor Rapold Filho, 446 - São Caetano, Salvador - BA, 40390-265', true);
insert into public.nutritionist_schools (profile_id, school_id) values ('user-carla.amparo', 'school-67') on conflict do nothing;
insert into public.schools (id, row_number, code, name, short_name, route_id, company, address, active) values ('school-68', 68, '0305', '0305 - ESCOLA MUNICIPAL BATISTA DE SAO CAETANO', 'ESCOLA MUNICIPAL BATISTA DE SAO CAETANO', 'route-suburbio-i', 'LOTE 02', 'R. Aristóteles Góes, S/N - São Caetano, Salvador - BA, 40390-070', true);
insert into public.nutritionist_schools (profile_id, school_id) values ('user-carla.amparo', 'school-68') on conflict do nothing;
insert into public.schools (id, row_number, code, name, short_name, route_id, company, address, active) values ('school-69', 69, '0306', '0306 - CENTRO MUNICIPAL DE EDUCACAO INFANTIL CASA DA CRIANCA DO BOM JUA', 'CENTRO MUNICIPAL DE EDUCACAO INFANTIL CASA DA CRIANCA DO BOM JUA', 'route-centro', 'LOTE 02', 'R. do Bom Juá, S/N - Fazenda Grande do Retiro, Salvador - BA, 40353-160', true);
insert into public.nutritionist_schools (profile_id, school_id) values ('user-isadora.cardim', 'school-69') on conflict do nothing;
insert into public.schools (id, row_number, code, name, short_name, route_id, company, address, active) values ('school-70', 70, '0307', '0307 - ESCOLA MUNICIPAL AMAI PRO', 'ESCOLA MUNICIPAL AMAI PRO', 'route-sao-caetano', 'LOTE 02', 'Travessa Márcia Neiva, 42- Campinas de Pirajá', true);
insert into public.nutritionist_schools (profile_id, school_id) values ('user-isadora.cardim', 'school-70') on conflict do nothing;
insert into public.schools (id, row_number, code, name, short_name, route_id, company, address, active) values ('school-71', 71, '0310', '0310 - ESCOLA MUNICIPAL CONSUL SCHINDLER', 'ESCOLA MUNICIPAL CONSUL SCHINDLER', 'route-suburbio-i', '', 'R. Esperanto, 82 - São Caetano, Salvador - BA, 40391-232', true);
insert into public.nutritionist_schools (profile_id, school_id) values ('user-flavia.franco', 'school-71') on conflict do nothing;
insert into public.schools (id, row_number, code, name, short_name, route_id, company, address, active) values ('school-72', 72, '0312', '0312 - ESCOLA MUNICIPAL FONTE DO CAPIM', 'ESCOLA MUNICIPAL FONTE DO CAPIM', 'route-suburbio-i', 'LOTE 02', '1ª Travessa Lidio Santos, nº 10, Av. Gen. San Martin, Salvador - BA, 40355-010', true);
insert into public.nutritionist_schools (profile_id, school_id) values ('user-vanessa.galvao', 'school-72') on conflict do nothing;
insert into public.schools (id, row_number, code, name, short_name, route_id, company, address, active) values ('school-73', 73, '0313', '0313 - ESCOLA MUNICIPAL HELENA MAGALHAES', 'ESCOLA MUNICIPAL HELENA MAGALHAES', 'route-liberdade', 'LOTE 02', 'R. 8 de Dezembro, 104 - Boa Vista de São Caetano, Salvador - BA, 40387-120', true);
insert into public.nutritionist_schools (profile_id, school_id) values ('user-carla.amparo', 'school-73') on conflict do nothing;
insert into public.schools (id, row_number, code, name, short_name, route_id, company, address, active) values ('school-74', 74, '0314', '0314 - ESCOLA MUNICIPAL MARECHAL RONDON', 'ESCOLA MUNICIPAL MARECHAL RONDON', 'route-cidade-baixa', 'LOTE 02', 'Praça Mal. Rondon, 34 - Mal. Rondon, Salvador - BA, 41285-100', true);
insert into public.nutritionist_schools (profile_id, school_id) values ('user-isadora.cardim', 'school-74') on conflict do nothing;
insert into public.schools (id, row_number, code, name, short_name, route_id, company, address, active) values ('school-75', 75, '0315', '0315 - ESCOLA MUNICIPAL XAVIER MARQUES', 'ESCOLA MUNICIPAL XAVIER MARQUES', 'route-centro', 'LOTE 02', 'R. do Bom Juá, 782 - Fazenda Grande do Retiro, Salvador - BA, 40353-160', true);
insert into public.nutritionist_schools (profile_id, school_id) values ('user-isadora.cardim', 'school-75') on conflict do nothing;
insert into public.schools (id, row_number, code, name, short_name, route_id, company, address, active) values ('school-76', 76, '0316', '0316 - ESCOLA MUNICIPAL FAZENDA GRANDE', 'ESCOLA MUNICIPAL FAZENDA GRANDE', 'route-sao-caetano', 'LOTE 02', 'R. Orozi, 37 - Fazenda Grande do Retiro, Salvador - BA, 40353-165', true);
insert into public.nutritionist_schools (profile_id, school_id) values ('user-carla.amparo', 'school-76') on conflict do nothing;
insert into public.schools (id, row_number, code, name, short_name, route_id, company, address, active) values ('school-77', 77, '0317', '0317 - ESCOLA MUNICIPAL PROFESSOR ANTONIO CARVALHO GUEDES', 'ESCOLA MUNICIPAL PROFESSOR ANTONIO CARVALHO GUEDES', 'route-centro', 'LOTE 02', 'Rua da Gloria, 143, Capelinha', true);
insert into public.nutritionist_schools (profile_id, school_id) values ('user-carla.amparo', 'school-77') on conflict do nothing;
insert into public.schools (id, row_number, code, name, short_name, route_id, company, address, active) values ('school-78', 78, '0328', '0328 - ESCOLA MUNICIPAL BATISTA DE SAN MARTIM', 'ESCOLA MUNICIPAL BATISTA DE SAN MARTIM', 'route-centro', 'LOTE 02', 'Av. Gen. San Martin, 499 - Alto do Peru, Salvador - BA, 40349-025', true);
insert into public.nutritionist_schools (profile_id, school_id) values ('user-vanessa.galvao', 'school-78') on conflict do nothing;
insert into public.schools (id, row_number, code, name, short_name, route_id, company, address, active) values ('school-79', 79, '0329', '0329 - ESCOLA MUNICIPAL BELA VISTA DO LOBATO', 'ESCOLA MUNICIPAL BELA VISTA DO LOBATO', 'route-cidade-baixa', '', 'R. Beija-Flor, 112 - Lobato, Salvador - BA, 40484-585', true);
insert into public.nutritionist_schools (profile_id, school_id) values ('user-tassia.virginia', 'school-79') on conflict do nothing;
insert into public.schools (id, row_number, code, name, short_name, route_id, company, address, active) values ('school-80', 80, '0330', '0330 - ESCOLA MUNICIPAL CAMPINAS DE PIRAJA', 'ESCOLA MUNICIPAL CAMPINAS DE PIRAJA', 'route-cidade-baixa', 'LOTE 02', 'Estrada Velha de Campinas n° 97 Campinas de Pirajá', true);
insert into public.nutritionist_schools (profile_id, school_id) values ('user-isadora.cardim', 'school-80') on conflict do nothing;
insert into public.schools (id, row_number, code, name, short_name, route_id, company, address, active) values ('school-81', 81, '0332', '0332 - ESCOLA MUNICIPAL COMUNITARIA REGINA STUKENBORG', 'ESCOLA MUNICIPAL COMUNITARIA REGINA STUKENBORG', 'route-suburbio-i', '', '3ª Travessa da Rua Boa Vista, Marechal Rondon', true);
insert into public.nutritionist_schools (profile_id, school_id) values ('user-flavia.franco', 'school-81') on conflict do nothing;
insert into public.schools (id, row_number, code, name, short_name, route_id, company, address, active) values ('school-82', 82, '0333', '0333 - ESCOLA MUNICIPAL CONEGO EMILIO LOBO', 'ESCOLA MUNICIPAL CONEGO EMILIO LOBO', 'route-sao-caetano', 'LOTE 02', 'Rua Engenheiro Austricliano, 173, São Caetano - Ao lado da Caixa Econômica', true);
insert into public.nutritionist_schools (profile_id, school_id) values ('user-isadora.cardim', 'school-82') on conflict do nothing;
insert into public.schools (id, row_number, code, name, short_name, route_id, company, address, active) values ('school-83', 83, '0336', '0336 - ESCOLA MUNICIPAL ENG CARLOS BATALHA', 'ESCOLA MUNICIPAL ENG CARLOS BATALHA', 'route-liberdade', 'LOTE 02', 'Rua da alegria, 480, Boa Vista Vista de São Caetano. Próximo ao HELENE MAGALHÂES, fica no alto da Boa Vista', true);
insert into public.nutritionist_schools (profile_id, school_id) values ('user-carla.amparo', 'school-83') on conflict do nothing;
insert into public.schools (id, row_number, code, name, short_name, route_id, company, address, active) values ('school-84', 84, '0337', '0337 - ESCOLA MUNICIPAL ENGENHEIRO GILBERTO PIRES MARINHO', 'ESCOLA MUNICIPAL ENGENHEIRO GILBERTO PIRES MARINHO', 'route-cidade-baixa', '', 'R. Tranqüilino Mendes, 364 - Lobato, Salvador - BA, 40480-100', true);
insert into public.nutritionist_schools (profile_id, school_id) values ('user-carla.amparo', 'school-84') on conflict do nothing;
insert into public.schools (id, row_number, code, name, short_name, route_id, company, address, active) values ('school-85', 85, '0338', '0338 - ESCOLA MUNICIPAL EDUCADOR PAULO FREIRE', 'ESCOLA MUNICIPAL EDUCADOR PAULO FREIRE', 'route-cajazeiras', 'LOTE 02', 'Travessa Rio Branco, 152, Arraial do Retiro', true);
insert into public.nutritionist_schools (profile_id, school_id) values ('user-isadora.cardim', 'school-85') on conflict do nothing;
insert into public.schools (id, row_number, code, name, short_name, route_id, company, address, active) values ('school-86', 86, '0340', '0340 - ESCOLA MUNICIPAL PROFESSORA MARIA DE LOURDES SANTANA ALVES', 'ESCOLA MUNICIPAL PROFESSORA MARIA DE LOURDES SANTANA ALVES', 'route-centro', '', 'R. Padre Antônio Viêira, 176 - Capelinha, Salvador - BA, 40393-000', true);
insert into public.nutritionist_schools (profile_id, school_id) values ('user-carla.amparo', 'school-86') on conflict do nothing;
insert into public.schools (id, row_number, code, name, short_name, route_id, company, address, active) values ('school-87', 87, '0342', '0342 - ESCOLA MUNICIPAL CRIANCA FELIZ', 'ESCOLA MUNICIPAL CRIANCA FELIZ', 'route-sao-caetano', 'LOTE 02', 'R. Varsovia, Granjas Rurais Presidente Vargas, 269- Campinas de Pirajá', true);
insert into public.nutritionist_schools (profile_id, school_id) values ('user-isadora.cardim', 'school-87') on conflict do nothing;
insert into public.schools (id, row_number, code, name, short_name, route_id, company, address, active) values ('school-88', 88, '0343', '0343 - ESCOLA MUNICIPAL BARBOSA RODRIGUES', 'ESCOLA MUNICIPAL BARBOSA RODRIGUES', 'route-suburbio-i', '', 'Travessa Vitan, S/N, Sao Caetano', true);
insert into public.nutritionist_schools (profile_id, school_id) values ('user-flavia.franco', 'school-88') on conflict do nothing;
insert into public.schools (id, row_number, code, name, short_name, route_id, company, address, active) values ('school-89', 89, '0344', '0344 - ESCOLA MUNICIPAL AUSTRICLIANO DE CARVALHO', 'ESCOLA MUNICIPAL AUSTRICLIANO DE CARVALHO', 'route-sao-caetano', '', 'R. Candinho Fernandes, 49 - Fazenda Grande do Retiro, Salvador - BA, 40355-600', true);
insert into public.nutritionist_schools (profile_id, school_id) values ('user-isadora.cardim', 'school-89') on conflict do nothing;
insert into public.schools (id, row_number, code, name, short_name, route_id, company, address, active) values ('school-90', 90, '0345', '0345 - ESCOLA MUNICIPAL PADRE NORBERTO', 'ESCOLA MUNICIPAL PADRE NORBERTO', 'route-cidade-baixa', '', 'Rua Padre Noberto Rodrigues, 127, Alto do Cabrito', true);
insert into public.nutritionist_schools (profile_id, school_id) values ('user-tassia.virginia', 'school-90') on conflict do nothing;
insert into public.schools (id, row_number, code, name, short_name, route_id, company, address, active) values ('school-91', 91, '0346', '0346 - ESCOLA MUNICIPAL FRANCISCO MANGABEIRA', 'ESCOLA MUNICIPAL FRANCISCO MANGABEIRA', 'route-suburbio-ii', 'LOTE 02', 'Av. Nestor Duarte, 833 - São Caetano, Salvador - BA', true);
insert into public.nutritionist_schools (profile_id, school_id) values ('user-carla.amparo', 'school-91') on conflict do nothing;
insert into public.schools (id, row_number, code, name, short_name, route_id, company, address, active) values ('school-92', 92, '0347', '0347 - ESCOLA MUNICIPAL FILHOS DE SALOMAO', 'ESCOLA MUNICIPAL FILHOS DE SALOMAO', 'route-centro', 'LOTE 02', 'Est Velha de Campinas, S/N, Campinas de Piraja', true);
insert into public.nutritionist_schools (profile_id, school_id) values ('user-isadora.cardim', 'school-92') on conflict do nothing;
insert into public.schools (id, row_number, code, name, short_name, route_id, company, address, active) values ('school-93', 93, '0348', '0348 - ESCOLA MUNICIPAL JAQUEIRA DO CARNEIRO', 'ESCOLA MUNICIPAL JAQUEIRA DO CARNEIRO', 'route-liberdade', 'LOTE 02', 'R. Jaqueira do Carneiro, 83 - Fazenda Grande do Retiro, Salvador - BA, 40353-000', true);
insert into public.nutritionist_schools (profile_id, school_id) values ('user-isadora.cardim', 'school-93') on conflict do nothing;
insert into public.schools (id, row_number, code, name, short_name, route_id, company, address, active) values ('school-94', 94, '0349', '0349 - CENTRO MUNICIPAL DE EDUCACAO INFANTIL ANGELINA ROCHA DE ASSIS', 'CENTRO MUNICIPAL DE EDUCACAO INFANTIL ANGELINA ROCHA DE ASSIS', 'route-cidade-baixa', '', 'R. João Rodrigues Mendes, S/N - Lobato, Salvador - BA, 40480-120', true);
insert into public.nutritionist_schools (profile_id, school_id) values ('user-carla.amparo', 'school-94') on conflict do nothing;
insert into public.schools (id, row_number, code, name, short_name, route_id, company, address, active) values ('school-95', 95, '0350', '0350 - CENTRO MUNICIPAL DE EDUCACAO INFANTIL YOLANDA PIRES', 'CENTRO MUNICIPAL DE EDUCACAO INFANTIL YOLANDA PIRES', 'route-sao-caetano', 'LOTE 02', 'R. das Pitangueiras, S/N - 1 - Fazenda Grande do Retiro, Salvador - BA, 40350-000', true);
insert into public.nutritionist_schools (profile_id, school_id) values ('user-carla.amparo', 'school-95') on conflict do nothing;
insert into public.schools (id, row_number, code, name, short_name, route_id, company, address, active) values ('school-96', 96, '0351', '0351 - CENTRO MUNICIPAL DE EDUCACAO INFANTIL FRUTO DO AMANHA', 'CENTRO MUNICIPAL DE EDUCACAO INFANTIL FRUTO DO AMANHA', 'route-suburbio-ii', 'LOTE 02', 'R. do Canal, S/N - Fazenda Grande do Retiro, Salvador - BA, 40352-470', true);
insert into public.nutritionist_schools (profile_id, school_id) values ('user-isadora.cardim', 'school-96') on conflict do nothing;
insert into public.schools (id, row_number, code, name, short_name, route_id, company, address, active) values ('school-97', 97, '0352', '0352 - CENTRO MUNICIPAL DE EDUCACAO INFANTIL LINDAURA ANDRADE MENDONCA', 'CENTRO MUNICIPAL DE EDUCACAO INFANTIL LINDAURA ANDRADE MENDONCA', 'route-cidade-baixa', 'LOTE 02', 'R. do Calafate, sn - Fazenda Grande do Retiro, Salvador - BA, 40354-100', true);
insert into public.nutritionist_schools (profile_id, school_id) values ('user-vanessa.galvao', 'school-97') on conflict do nothing;
insert into public.schools (id, row_number, code, name, short_name, route_id, company, address, active) values ('school-98', 98, '0353', '0353 - CENTRO MUNICIPAL DE EDUCACAO INFANTIL MOSA BERBERT', 'CENTRO MUNICIPAL DE EDUCACAO INFANTIL MOSA BERBERT', 'route-centro', '', 'R. Padre Antônio Viêira, SN - Capelinha, Salvador - BA, 40395-200', true);
insert into public.nutritionist_schools (profile_id, school_id) values ('user-carla.amparo', 'school-98') on conflict do nothing;
insert into public.schools (id, row_number, code, name, short_name, route_id, company, address, active) values ('school-99', 99, '0354', '0354 - CENTRO MUNICIPAL DE EDUCACAO INFANTIL SEMENTE DO AMANHA', 'CENTRO MUNICIPAL DE EDUCACAO INFANTIL SEMENTE DO AMANHA', 'route-cidade-baixa', '', 'Av. Gen. San Martin, 69 - Iapi, Salvador - BA, 40323-245', true);
insert into public.nutritionist_schools (profile_id, school_id) values ('user-vanessa.galvao', 'school-99') on conflict do nothing;
insert into public.schools (id, row_number, code, name, short_name, route_id, company, address, active) values ('school-100', 100, '0355', '0355 - CENTRO MUNICIPAL DE EDUCACAO INFANTIL TEREZA HELENA MATA PIRES', 'CENTRO MUNICIPAL DE EDUCACAO INFANTIL TEREZA HELENA MATA PIRES', 'route-cidade-baixa', '', 'Rua do Caju, S/N - Lobato, Salvador - BA, 40484-440', true);
insert into public.nutritionist_schools (profile_id, school_id) values ('user-tassia.virginia', 'school-100') on conflict do nothing;
insert into public.schools (id, row_number, code, name, short_name, route_id, company, address, active) values ('school-101', 101, '0356', '0356 - ESCOLA MUNICIPAL DO CALAFATE', 'ESCOLA MUNICIPAL DO CALAFATE', 'route-centro', '', 'Rua Direta do Calafate, 151 - E, Fazenda Grande do Retiro', true);
insert into public.nutritionist_schools (profile_id, school_id) values ('user-vanessa.galvao', 'school-101') on conflict do nothing;
insert into public.schools (id, row_number, code, name, short_name, route_id, company, address, active) values ('school-102', 102, '0357', '0357 - ESCOLA MUNICIPAL 15 DE OUTUBRO', 'ESCOLA MUNICIPAL 15 DE OUTUBRO', 'route-cidade-baixa', '', 'Rua do Calafate, 02, Fazenda Grande do Retiro', true);
insert into public.nutritionist_schools (profile_id, school_id) values ('user-vanessa.galvao', 'school-102') on conflict do nothing;
insert into public.schools (id, row_number, code, name, short_name, route_id, company, address, active) values ('school-103', 103, '0401', '0401 - ESCOLA MUNICIPAL ABRIGO FILHOS DO POVO', 'ESCOLA MUNICIPAL ABRIGO FILHOS DO POVO', 'route-cajazeiras', 'LOTE 02', 'Estrada da Liebrade, S/N - Liberdade, Salavdor-BA, 40375-016', true);
insert into public.nutritionist_schools (profile_id, school_id) values ('user-mercia.nolair', 'school-103') on conflict do nothing;
insert into public.schools (id, row_number, code, name, short_name, route_id, company, address, active) values ('school-104', 104, '0403', '0403 - ESCOLA MUNICIPAL GISELIA PALMA', 'ESCOLA MUNICIPAL GISELIA PALMA', 'route-cidade-baixa', 'LOTE 02', 'R. Francelino de Andrade, 67 - Liberdade, Salvador - BA, 40325-720', true);
insert into public.nutritionist_schools (profile_id, school_id) values ('user-vanessa.galvao', 'school-104') on conflict do nothing;
insert into public.schools (id, row_number, code, name, short_name, route_id, company, address, active) values ('school-105', 105, '0406', '0406 - ESCOLA MUNICIPAL DR MARCOS VINICIUS VILACA', 'ESCOLA MUNICIPAL DR MARCOS VINICIUS VILACA', 'route-sao-caetano', 'LOTE 02', 'Vila Antonio Balbino, 78, Iapi', true);
insert into public.nutritionist_schools (profile_id, school_id) values ('user-vanessa.galvao', 'school-105') on conflict do nothing;
insert into public.schools (id, row_number, code, name, short_name, route_id, company, address, active) values ('school-106', 106, '0408', '0408 - ESCOLA MUNICIPAL DA CIDADE NOVA', 'ESCOLA MUNICIPAL DA CIDADE NOVA', 'route-suburbio-i', 'LOTE 02', 'R. Vanderlei Almeida, 19 - Cidade Nova, Salvador - BA, 40313-390', true);
insert into public.nutritionist_schools (profile_id, school_id) values ('user-mercia.nolair', 'school-106') on conflict do nothing;
insert into public.schools (id, row_number, code, name, short_name, route_id, company, address, active) values ('school-107', 107, '0409', '0409 - ESCOLA MUNICIPAL DO PAU MIUDO', 'ESCOLA MUNICIPAL DO PAU MIUDO', 'route-centro', 'LOTE 02', 'R. Marquês de Maricá, 128 - Pau Miúdo, Salvador - BA 40310-000', true);
insert into public.nutritionist_schools (profile_id, school_id) values ('user-mercia.nolair', 'school-107') on conflict do nothing;
insert into public.schools (id, row_number, code, name, short_name, route_id, company, address, active) values ('school-108', 108, '0414', '0414 - ESCOLA MUNICIPAL PERO VAZ VELHO', 'ESCOLA MUNICIPAL PERO VAZ VELHO', 'route-sao-caetano', '', 'Rua Pero Vaz, 212 - Pero Vaz (ponto de referência Rua do Lixão)', true);
insert into public.nutritionist_schools (profile_id, school_id) values ('user-mercia.nolair', 'school-108') on conflict do nothing;
insert into public.schools (id, row_number, code, name, short_name, route_id, company, address, active) values ('school-109', 109, '0415', '0415 - ESCOLA MUNICIPAL PIRAJA DA SILVA', 'ESCOLA MUNICIPAL PIRAJA DA SILVA', 'route-centro', '', 'Estrada da Liberdade, 78- 80, Liberdade, 40375-016', true);
insert into public.nutritionist_schools (profile_id, school_id) values ('user-mercia.nolair', 'school-109') on conflict do nothing;
insert into public.schools (id, row_number, code, name, short_name, route_id, company, address, active) values ('school-110', 110, '0422', '0422 - ESCOLA MUNICIPAL ZACARIAS BOA MORTE', 'ESCOLA MUNICIPAL ZACARIAS BOA MORTE', 'route-centro', 'LOTE 02', 'Endereço temporário: Irgreja Batista do Salvador, em frente ao final de linha do Pero Vaz. Entarda lateral esquerda da igreja', true);
insert into public.nutritionist_schools (profile_id, school_id) values ('user-mercia.nolair', 'school-110') on conflict do nothing;
insert into public.schools (id, row_number, code, name, short_name, route_id, company, address, active) values ('school-111', 111, '0425', '0425 - ESCOLA MUNICIPAL NOSSA SENHORA DE NAZARE', 'ESCOLA MUNICIPAL NOSSA SENHORA DE NAZARE', 'route-sao-caetano', 'LOTE 02', 'R. do Queimado, 17 - Liberdade, Salvador - BA, 40325-260', true);
insert into public.nutritionist_schools (profile_id, school_id) values ('user-mercia.nolair', 'school-111') on conflict do nothing;
insert into public.schools (id, row_number, code, name, short_name, route_id, company, address, active) values ('school-112', 112, '0427', '0427 - ESCOLA MUNICIPAL MANOEL FLORENCIO', 'ESCOLA MUNICIPAL MANOEL FLORENCIO', 'route-sao-caetano', 'LOTE 02', 'R. São Lourenço, 36 - Liberdade, Salvador - BA, 40370-190', true);
insert into public.nutritionist_schools (profile_id, school_id) values ('user-vanessa.galvao', 'school-112') on conflict do nothing;
insert into public.schools (id, row_number, code, name, short_name, route_id, company, address, active) values ('school-113', 113, '0429', '0429 - ESCOLA MUNICIPAL MAJOR ELOI MAGALHAES', 'ESCOLA MUNICIPAL MAJOR ELOI MAGALHAES', 'route-suburbio-i', 'LOTE 02', 'R Freitas Henrique, 43, Caixa D` Água, Salvador- BA 40320-165', true);
insert into public.nutritionist_schools (profile_id, school_id) values ('user-rebecca.tranquilli', 'school-113') on conflict do nothing;
insert into public.schools (id, row_number, code, name, short_name, route_id, company, address, active) values ('school-114', 114, '0432', '0432 - ESCOLA MUNICIPAL JOSAFA CARLOS BORGES', 'ESCOLA MUNICIPAL JOSAFA CARLOS BORGES', 'route-centro', 'LOTE 02', 'R. Neves da Rocha, 39 - Caixa D''agua, Salvador - BA, 40320-530', true);
insert into public.nutritionist_schools (profile_id, school_id) values ('user-mercia.nolair', 'school-114') on conflict do nothing;
insert into public.schools (id, row_number, code, name, short_name, route_id, company, address, active) values ('school-115', 115, '0433', '0433 - ESCOLA MUNICIPAL MINISTRO SIMOES FILHO', 'ESCOLA MUNICIPAL MINISTRO SIMOES FILHO', 'route-sao-caetano', 'LOTE 02', 'AV Santo Antônio S/N Liberdade CEP: 40370-300', true);
insert into public.nutritionist_schools (profile_id, school_id) values ('user-rafaela.anjos', 'school-115') on conflict do nothing;
insert into public.schools (id, row_number, code, name, short_name, route_id, company, address, active) values ('school-116', 116, '0434', '0434 - ESCOLA MUNICIPAL SAO JUDAS TADEU', 'ESCOLA MUNICIPAL SAO JUDAS TADEU', 'route-centro', '', 'Rua Marquês de Maricá, 100- Pau Miúdo, Salvador- BA, 40310-000', true);
insert into public.nutritionist_schools (profile_id, school_id) values ('user-mercia.nolair', 'school-116') on conflict do nothing;
insert into public.schools (id, row_number, code, name, short_name, route_id, company, address, active) values ('school-117', 117, '0435', '0435 - ESCOLA MUNICIPAL CARDEAL DA SILVA', 'ESCOLA MUNICIPAL CARDEAL DA SILVA', 'route-centro', '', 'Rua Limite, 171', true);
insert into public.nutritionist_schools (profile_id, school_id) values ('user-vanessa.galvao', 'school-117') on conflict do nothing;
insert into public.schools (id, row_number, code, name, short_name, route_id, company, address, active) values ('school-118', 118, '0437', '0437 - ESCOLA MUNICIPAL VILA VICENTINA', 'ESCOLA MUNICIPAL VILA VICENTINA', 'route-sao-caetano', 'LOTE 02', 'Estr. da Liberdade, 14 - 7 - Liberdade, Salvador - BA, 40325-220', true);
insert into public.nutritionist_schools (profile_id, school_id) values ('user-mercia.nolair', 'school-118') on conflict do nothing;
insert into public.schools (id, row_number, code, name, short_name, route_id, company, address, active) values ('school-119', 119, '0438', '0438 - ESCOLA MUNICIPAL JULIETA VIANA', 'ESCOLA MUNICIPAL JULIETA VIANA', 'route-sao-caetano', '', 'Av. Barros Reis, S/N - Pau Miúdo, Salvador - BA, 40310-010', true);
insert into public.nutritionist_schools (profile_id, school_id) values ('user-mercia.nolair', 'school-119') on conflict do nothing;
insert into public.schools (id, row_number, code, name, short_name, route_id, company, address, active) values ('school-120', 120, '0439', '0439 - CENTRO MUNICIPAL DE EDUCACAO INFANTIL HOSANNAH DE OLIVEIRA', 'CENTRO MUNICIPAL DE EDUCACAO INFANTIL HOSANNAH DE OLIVEIRA', 'route-sao-caetano', 'LOTE 02', 'Praça Conselheiro João Alfredo, S/N - Pau Miúdo, Salvador - BA, 40320-350', true);
insert into public.nutritionist_schools (profile_id, school_id) values ('user-mercia.nolair', 'school-120') on conflict do nothing;
insert into public.schools (id, row_number, code, name, short_name, route_id, company, address, active) values ('school-121', 121, '0440', '0440 - CENTRO MUNICIPAL DE EDUCACAO INFANTIL JOSE ADEODATO DE SOUZA FILHO', 'CENTRO MUNICIPAL DE EDUCACAO INFANTIL JOSE ADEODATO DE SOUZA FILHO', 'route-sao-caetano', '', 'Rua dos Pirineus, Sn - Pau Miúdo, Salvador - BA, 40310-230', true);
insert into public.nutritionist_schools (profile_id, school_id) values ('user-mercia.nolair', 'school-121') on conflict do nothing;
insert into public.schools (id, row_number, code, name, short_name, route_id, company, address, active) values ('school-122', 122, '0441', '0441 - CENTRO MUNICIPAL DE EDUCACAO INFANTIL JOSE DA SILVA TAVARES', 'CENTRO MUNICIPAL DE EDUCACAO INFANTIL JOSE DA SILVA TAVARES', 'route-cidade-baixa', 'LOTE 02', 'R. Limite, Sn - Iapi, Salvador - BA, 40330-515', true);
insert into public.nutritionist_schools (profile_id, school_id) values ('user-vanessa.galvao', 'school-122') on conflict do nothing;
insert into public.schools (id, row_number, code, name, short_name, route_id, company, address, active) values ('school-123', 123, '0443', '0443 - ESCOLA MUNICIPAL PROFESSORA SUZANA IMBASSAHY', 'ESCOLA MUNICIPAL PROFESSORA SUZANA IMBASSAHY', 'route-liberdade', 'LOTE 02', 'Rua Rocha Leal, SN, Barbalho', true);
insert into public.nutritionist_schools (profile_id, school_id) values ('user-rebecca.tranquilli', 'school-123') on conflict do nothing;
insert into public.schools (id, row_number, code, name, short_name, route_id, company, address, active) values ('school-124', 124, '0444', '0444 - CENTRO MUNICIPAL DE EDUCACAO INFANTIL EPIFANIA SILVA', 'CENTRO MUNICIPAL DE EDUCACAO INFANTIL EPIFANIA SILVA', 'route-cajazeiras', 'LOTE 02', 'R. Elmano Silveira Castro, 528 - Iapi, Salvador - BA, 40323-215', true);
insert into public.nutritionist_schools (profile_id, school_id) values ('user-vanessa.galvao', 'school-124') on conflict do nothing;
insert into public.schools (id, row_number, code, name, short_name, route_id, company, address, active) values ('school-125', 125, '0445', '0445 - CENTRO MUNICIPAL DE EDUCACAO INFANTIL DA SANTA MONICA', 'CENTRO MUNICIPAL DE EDUCACAO INFANTIL DA SANTA MONICA', 'route-sao-caetano', '', 'R. Dr. Arlíndo Téles, 13 - Santa Monica, Salvador - BA, 40342-610', true);
insert into public.nutritionist_schools (profile_id, school_id) values ('user-vanessa.galvao', 'school-125') on conflict do nothing;
insert into public.schools (id, row_number, code, name, short_name, route_id, company, address, active) values ('school-126', 126, '0903', '0903 - ESCOLA MUNICIPAL ARMANDO CARNEIRO DA ROCHA', 'ESCOLA MUNICIPAL ARMANDO CARNEIRO DA ROCHA', 'route-suburbio-i', '', 'R. Direta do Cruzeiro, 684 - Praia Grande, Salvador - BA, 40725-210', true);
insert into public.nutritionist_schools (profile_id, school_id) values ('user-flavia.franco', 'school-126') on conflict do nothing;
insert into public.schools (id, row_number, code, name, short_name, route_id, company, address, active) values ('school-127', 127, '0906', '0906 - ESCOLA MUNICIPAL SENADOR ANTONIO CARLOS PEIXOTO DE MAGALHAES', 'ESCOLA MUNICIPAL SENADOR ANTONIO CARLOS PEIXOTO DE MAGALHAES', 'route-cidade-baixa', '', 'R. Roberto Veiga Lima, 465 - Rio Sena, Salvador - BA, 40715-402', true);
insert into public.nutritionist_schools (profile_id, school_id) values ('user-tassia.virginia', 'school-127') on conflict do nothing;
insert into public.schools (id, row_number, code, name, short_name, route_id, company, address, active) values ('school-128', 128, '0916', '0916 - ESCOLA MUNICIPAL JOAQUIM MAGALHAES', 'ESCOLA MUNICIPAL JOAQUIM MAGALHAES', 'route-cidade-baixa', '', 'R. do Curralinho, S/N - Itacaranha, Salvador - BA, 40715-190', true);
insert into public.nutritionist_schools (profile_id, school_id) values ('user-tassia.virginia', 'school-128') on conflict do nothing;
insert into public.schools (id, row_number, code, name, short_name, route_id, company, address, active) values ('school-129', 129, '0934', '0934 - ESCOLA MUNICIPAL GRACILIANO RAMOS', 'ESCOLA MUNICIPAL GRACILIANO RAMOS', 'route-suburbio-i', 'LOTE 02', 'R. Franco Velasco, 641 - Coutos, Salvador - BA, 40750-294', true);
insert into public.nutritionist_schools (profile_id, school_id) values ('user-claudia.brim', 'school-129') on conflict do nothing;
insert into public.schools (id, row_number, code, name, short_name, route_id, company, address, active) values ('school-130', 130, '0941', '0941 - ESCOLA MUNICIPAL SENHOR DO BONFIM', 'ESCOLA MUNICIPAL SENHOR DO BONFIM', 'route-cidade-baixa', '', 'R. Esmeralda, 97 - Plataforma, Salvador - BA, 40717-638', true);
insert into public.nutritionist_schools (profile_id, school_id) values ('user-flavia.franco', 'school-130') on conflict do nothing;
insert into public.schools (id, row_number, code, name, short_name, route_id, company, address, active) values ('school-131', 131, '0942', '0942 - ESCOLA MUNICIPAL DARCY RIBEIRO', 'ESCOLA MUNICIPAL DARCY RIBEIRO', 'route-suburbio-i', '', 'R. Salvador, 246 - Fazenda Coutos, Salvador - BA, 41306-835', true);
insert into public.nutritionist_schools (profile_id, school_id) values ('user-claudia.brim', 'school-131') on conflict do nothing;
insert into public.schools (id, row_number, code, name, short_name, route_id, company, address, active) values ('school-132', 132, '0952', '0952 - ESCOLA MUNICIPAL ANDRE REBOUCAS', 'ESCOLA MUNICIPAL ANDRE REBOUCAS', 'route-cidade-baixa', '', 'R. Sá Oliveira, 115 - Plataforma, Salvador - BA, 40717-380', true);
insert into public.nutritionist_schools (profile_id, school_id) values ('user-tassia.virginia', 'school-132') on conflict do nothing;
insert into public.schools (id, row_number, code, name, short_name, route_id, company, address, active) values ('school-133', 133, '0961', '0961 - ESCOLA MUNICIPAL PROFESSORA EUFROSINA MIRANDA', 'ESCOLA MUNICIPAL PROFESSORA EUFROSINA MIRANDA', 'route-cidade-baixa', '', 'R. Aterro do Joanes, 96 - Lobato, Salvador - BA, 40470-690', true);
insert into public.nutritionist_schools (profile_id, school_id) values ('user-tassia.virginia', 'school-133') on conflict do nothing;
insert into public.schools (id, row_number, code, name, short_name, route_id, company, address, active) values ('school-134', 134, '0963', '0963 - ESCOLA MUNICIPAL MACHADO DE ASSIS', 'ESCOLA MUNICIPAL MACHADO DE ASSIS', 'route-cidade-baixa', '', 'Largo São João do Cabrito - São João do Cabrito, Salvador - BA, 40717-430', true);
insert into public.nutritionist_schools (profile_id, school_id) values ('user-tassia.virginia', 'school-134') on conflict do nothing;
insert into public.schools (id, row_number, code, name, short_name, route_id, company, address, active) values ('school-135', 135, '0967', '0967 - ESCOLA MUNICIPAL SANTO ANTONIO DAS MALVINAS', 'ESCOLA MUNICIPAL SANTO ANTONIO DAS MALVINAS', 'route-suburbio-i', '', 'Rua Colina das Malvinas, 15 - Fazenda Coutos, Salvador - BA, 40760-410', true);
insert into public.nutritionist_schools (profile_id, school_id) values ('user-claudia.brim', 'school-135') on conflict do nothing;
insert into public.schools (id, row_number, code, name, short_name, route_id, company, address, active) values ('school-136', 136, '0968', '0968 - ESCOLA MUNICIPAL PROFESSOR ITALO GAUDENZI', 'ESCOLA MUNICIPAL PROFESSOR ITALO GAUDENZI', 'route-suburbio-i', '', 'R. Morada da Lagoa, 528 - Fazenda Coutos, Salvador - BA', true);
insert into public.nutritionist_schools (profile_id, school_id) values ('user-claudia.brim', 'school-136') on conflict do nothing;
insert into public.schools (id, row_number, code, name, short_name, route_id, company, address, active) values ('school-137', 137, '0969', '0969 - CENTRO MUNICIPAL DE EDUCACAO INFANTIL MARIO ALTENFELDER', 'CENTRO MUNICIPAL DE EDUCACAO INFANTIL MARIO ALTENFELDER', 'route-cidade-baixa', '', 'R. Aterro do Joanes, Sn - Lobato, Salvador - BA, 40470-690', true);
insert into public.nutritionist_schools (profile_id, school_id) values ('user-tassia.virginia', 'school-137') on conflict do nothing;
insert into public.schools (id, row_number, code, name, short_name, route_id, company, address, active) values ('school-138', 138, '0970', '0970 - CENTRO MUNICIPAL DE EDUCACAO INFANTIL MUNDO FELIZ', 'CENTRO MUNICIPAL DE EDUCACAO INFANTIL MUNDO FELIZ', 'route-cidade-baixa', '', 'Av. São Carlos n°5 Santa Luzia do Lobato', true);
insert into public.nutritionist_schools (profile_id, school_id) values ('user-tassia.virginia', 'school-138') on conflict do nothing;
insert into public.schools (id, row_number, code, name, short_name, route_id, company, address, active) values ('school-139', 139, '0971', '0971 - CENTRO MUNICIPAL DE EDUCACAO INFANTIL EDUCAR E VIVER', 'CENTRO MUNICIPAL DE EDUCACAO INFANTIL EDUCAR E VIVER', 'route-suburbio-i', '', 'Rua A- Fazenda Coutos Ill S/N - Coutos, BA, 40731-460', true);
insert into public.nutritionist_schools (profile_id, school_id) values ('user-claudia.brim', 'school-139') on conflict do nothing;
insert into public.schools (id, row_number, code, name, short_name, route_id, company, address, active) values ('school-140', 140, '0972', '0972 - ESCOLA MUNICIPAL PROFESSORA OLGA METTIG', 'ESCOLA MUNICIPAL PROFESSORA OLGA METTIG', 'route-suburbio-i', '', 'Via Bronze, SN - Nova Brasília de Valéria, Salvador - BA, 41307-340', true);
insert into public.nutritionist_schools (profile_id, school_id) values ('user-claudia.brim', 'school-140') on conflict do nothing;
insert into public.schools (id, row_number, code, name, short_name, route_id, company, address, active) values ('school-141', 141, '0973', '0973 - ESCOLA MUNICIPAL MANOEL HENRIQUE DA SILVA BARRADAS', 'ESCOLA MUNICIPAL MANOEL HENRIQUE DA SILVA BARRADAS', 'route-cidade-baixa', '', 'R. Ouricuri, 150 - Ilha Amarela, Salvador - BA, 40715-250', true);
insert into public.nutritionist_schools (profile_id, school_id) values ('user-tassia.virginia', 'school-141') on conflict do nothing;
insert into public.schools (id, row_number, code, name, short_name, route_id, company, address, active) values ('school-142', 142, '0974', '0974 - CENTRO MUNICIPAL DE EDUCACAO INFANTIL ABDIAS NASCIMENTO', 'CENTRO MUNICIPAL DE EDUCACAO INFANTIL ABDIAS NASCIMENTO', 'route-cidade-baixa', '', 'Conjunto Lagoa Da Paixão S/N - Valéria, Salvador - BA, 41307-340', true);
insert into public.nutritionist_schools (profile_id, school_id) values ('user-claudia.brim', 'school-142') on conflict do nothing;
insert into public.schools (id, row_number, code, name, short_name, route_id, company, address, active) values ('school-143', 143, '0975', '0975 - CENTRO MUNICIPAL DE EDUCACAO INFANTIL PAULO BISPO BRAZ', 'CENTRO MUNICIPAL DE EDUCACAO INFANTIL PAULO BISPO BRAZ', 'route-cidade-baixa', '', 'R. Retirolândia, 87C - Nova Brasília de Valéria, Salvador - BA, 41306-715', true);
insert into public.nutritionist_schools (profile_id, school_id) values ('user-claudia.brim', 'school-143') on conflict do nothing;
insert into public.schools (id, row_number, code, name, short_name, route_id, company, address, active) values ('school-144', 144, '0979', '0979 - CENTRO MUNICIPAL DE EDUCACAO INFANTIL DONA MARIA EMILIA GADELHA VIANNA', 'CENTRO MUNICIPAL DE EDUCACAO INFANTIL DONA MARIA EMILIA GADELHA VIANNA', 'route-sem-rota', '', '', true);
insert into public.nutritionist_schools (profile_id, school_id) values ('user-flavia.franco', 'school-144') on conflict do nothing;
insert into public.schools (id, row_number, code, name, short_name, route_id, company, address, active) values ('school-145', 145, '1001', '1001 - ESCOLA MUNICIPAL DE NOVO MAROTINHO', 'ESCOLA MUNICIPAL DE NOVO MAROTINHO', 'route-sem-rota', '', 'Av. Aliomar Baleeiro, Km 5,5 - Novo Marotinho, Salvador - BA, 41350-100', true);
insert into public.nutritionist_schools (profile_id, school_id) values ('user-ana.silvana', 'school-145') on conflict do nothing;
insert into public.schools (id, row_number, code, name, short_name, route_id, company, address, active) values ('school-146', 146, '1013', '1013 - CENTRO MUNICIPAL DE EDUCACAO INFANTIL CSU JOAO PAULO I', 'CENTRO MUNICIPAL DE EDUCACAO INFANTIL CSU JOAO PAULO I', 'route-cidade-baixa', '', 'R. Boca da Mata, SN - Valéria, Salvador - BA, 41300-460', true);
insert into public.nutritionist_schools (profile_id, school_id) values ('user-claudia.brim', 'school-146') on conflict do nothing;
insert into public.schools (id, row_number, code, name, short_name, route_id, company, address, active) values ('school-147', 147, '1021', '1021 - ESCOLA MUNICIPAL PROFESSOR MILTON SANTOS', 'ESCOLA MUNICIPAL PROFESSOR MILTON SANTOS', 'route-suburbio-i', '', 'Rua Jardim Terra Nova, Valéria', true);
insert into public.nutritionist_schools (profile_id, school_id) values ('user-claudia.brim', 'school-147') on conflict do nothing;
insert into public.schools (id, row_number, code, name, short_name, route_id, company, address, active) values ('school-148', 148, '1024', '1024 - ESCOLA MUNICIPAL PROFESSORA ELISA SALDANHA', 'ESCOLA MUNICIPAL PROFESSORA ELISA SALDANHA', 'route-sem-rota', '', 'Praça Regina Guimarães, 252 - Cajazeiras, Salvador - BA, 41343-300', true);
insert into public.nutritionist_schools (profile_id, school_id) values ('user-ana.silvana', 'school-148') on conflict do nothing;
insert into public.schools (id, row_number, code, name, short_name, route_id, company, address, active) values ('school-149', 149, '1026', '1026 - ESCOLA MUNICIPAL ADAUTO PEREIRA DE SOUZA', 'ESCOLA MUNICIPAL ADAUTO PEREIRA DE SOUZA', 'route-sem-rota', '', 'R. São José, 171 - Nova Brasília, Salvador - BA, 41350-160', true);
insert into public.nutritionist_schools (profile_id, school_id) values ('user-ana.silvana', 'school-149') on conflict do nothing;
insert into public.schools (id, row_number, code, name, short_name, route_id, company, address, active) values ('school-150', 150, '1028', '1028 - ESCOLA MUNICIPAL EDUARDO CAMPOS', 'ESCOLA MUNICIPAL EDUARDO CAMPOS', 'route-sem-rota', '', 'R. Petrópolis, 34-144 - Águas Claras, Salvador - BA, 41310-260', true);
insert into public.nutritionist_schools (profile_id, school_id) values ('user-ana.silvana', 'school-150') on conflict do nothing;
insert into public.schools (id, row_number, code, name, short_name, route_id, company, address, active) values ('school-151', 151, '1032', '1032 - ESCOLA MUNICIPAL PROFESSOR RICARDO PEREIRA', 'ESCOLA MUNICIPAL PROFESSOR RICARDO PEREIRA', 'route-sem-rota', '', 'R. Direta da Mangabeira, 184 - Cajazeiras, Salvador - BA, 41338-710', true);
insert into public.nutritionist_schools (profile_id, school_id) values ('user-ana.silvana', 'school-151') on conflict do nothing;
insert into public.schools (id, row_number, code, name, short_name, route_id, company, address, active) values ('school-152', 152, '1033', '1033 - ESCOLA MUNICIPAL NOSSA SENHORA APARECIDA', 'ESCOLA MUNICIPAL NOSSA SENHORA APARECIDA', 'route-suburbio-i', '', 'Estr. Nova Brasília, 814 - Valéria, Salvador - BA, 41300-480', true);
insert into public.nutritionist_schools (profile_id, school_id) values ('user-claudia.brim', 'school-152') on conflict do nothing;
insert into public.schools (id, row_number, code, name, short_name, route_id, company, address, active) values ('school-153', 153, '1035', '1035 - ESCOLA MUNICIPAL PROFESSOR MANOEL DE ALMEIDA CRUZ', 'ESCOLA MUNICIPAL PROFESSOR MANOEL DE ALMEIDA CRUZ', 'route-sem-rota', '', 'R. Dr. Moisés Schipêr, S/N - Quadra F - Cajazeiras, Salvador - BA, 41341-350', true);
insert into public.nutritionist_schools (profile_id, school_id) values ('user-ana.silvana', 'school-153') on conflict do nothing;
insert into public.schools (id, row_number, code, name, short_name, route_id, company, address, active) values ('school-154', 154, '1037', '1037 - ESCOLA MUNICIPAL PROFª IRENE DA SILVA COSTA SANTOS', 'ESCOLA MUNICIPAL PROFª IRENE DA SILVA COSTA SANTOS', 'route-sem-rota', '', 'R. Simone Barradas, S/N - Jardim Nova Esperanca, Salvador - BA, 41370-030', true);
insert into public.nutritionist_schools (profile_id, school_id) values ('user-ana.silvana', 'school-154') on conflict do nothing;
insert into public.schools (id, row_number, code, name, short_name, route_id, company, address, active) values ('school-155', 155, '1039', '1039 - CENTRO MUNICIPAL DE EDUCACAO INFANTIL CANTINHO DAS CRIANCAS', 'CENTRO MUNICIPAL DE EDUCACAO INFANTIL CANTINHO DAS CRIANCAS', 'route-sem-rota', '', 'R. Dr. Jorge Costa Andrade, SN - Águas Claras, Salvador - BA, 41310-260', true);
insert into public.nutritionist_schools (profile_id, school_id) values ('user-ana.silvana', 'school-155') on conflict do nothing;
insert into public.schools (id, row_number, code, name, short_name, route_id, company, address, active) values ('school-156', 156, '1040', '1040 - CENTRO MUNICIPAL DE EDUCACAO INFANTIL EDIVALDO MACHADO BOAVENTURA', 'CENTRO MUNICIPAL DE EDUCACAO INFANTIL EDIVALDO MACHADO BOAVENTURA', 'route-sem-rota', '', 'Cajazeiras, Salvador - BA, 41301-110', true);
insert into public.nutritionist_schools (profile_id, school_id) values ('user-ana.silvana', 'school-156') on conflict do nothing;
insert into public.schools (id, row_number, code, name, short_name, route_id, company, address, active) values ('school-157', 157, '1041', '1041 - CENTRO MUNICIPAL DE EDUCACAO INFANTIL RAFAEL DE OLIVEIRA', 'CENTRO MUNICIPAL DE EDUCACAO INFANTIL RAFAEL DE OLIVEIRA', 'route-sem-rota', '', 'Rua Delmiro Gouveia, SN, Cajazeiras VIII', true);
insert into public.nutritionist_schools (profile_id, school_id) values ('user-ana.silvana', 'school-157') on conflict do nothing;
insert into public.schools (id, row_number, code, name, short_name, route_id, company, address, active) values ('school-158', 158, '1042', '1042 - CENTRO MUNICIPAL DE EDUCACAO INFANTIL WALDECK ORNELAS', 'CENTRO MUNICIPAL DE EDUCACAO INFANTIL WALDECK ORNELAS', 'route-sem-rota', '', 'Caminho 14-Quadra B- Faz. Grande I - Cajazeiras, Salvador - BA, 41339-176', true);
insert into public.nutritionist_schools (profile_id, school_id) values ('user-ana.silvana', 'school-158') on conflict do nothing;
insert into public.schools (id, row_number, code, name, short_name, route_id, company, address, active) values ('school-159', 159, '1044', '1044 - ESCOLA MUNICIPAL PROFESSOR CLAUDIO VEIGA', 'ESCOLA MUNICIPAL PROFESSOR CLAUDIO VEIGA', 'route-sem-rota', '', 'Av. Aliomar Baleeiro, 9828-9938 - São Marcos, Salvador - BA, 41340-310 ESTRADA VELHA DO AEROPORTO', true);
insert into public.nutritionist_schools (profile_id, school_id) values ('user-ana.silvana', 'school-159') on conflict do nothing;
insert into public.schools (id, row_number, code, name, short_name, route_id, company, address, active) values ('school-160', 160, '1045', '1045 - ESCOLA MUNICIPAL ELYSIO ATHAYDE', 'ESCOLA MUNICIPAL ELYSIO ATHAYDE', 'route-sem-rota', '', 'Quadra 6 , camonho 4 S/N Cajazeiras V. Ponto de referência: fica na rua do mercado Mix Bahia', true);
insert into public.nutritionist_schools (profile_id, school_id) values ('user-ana.silvana', 'school-160') on conflict do nothing;
insert into public.schools (id, row_number, code, name, short_name, route_id, company, address, active) values ('school-161', 161, '1104', '1104 - ESCOLA MUNICIPAL CID PASSOS', 'ESCOLA MUNICIPAL CID PASSOS', 'route-suburbio-i', '', 'R. da Lagoa, 333 - Coutos, Salvador - BA, 40760-020', true);
insert into public.nutritionist_schools (profile_id, school_id) values ('user-flavia.franco', 'school-161') on conflict do nothing;
insert into public.schools (id, row_number, code, name, short_name, route_id, company, address, active) values ('school-162', 162, '1110', '1110 - ESCOLA MUNICIPAL DR OTAVIANO PIMENTA', 'ESCOLA MUNICIPAL DR OTAVIANO PIMENTA', 'route-cidade-baixa', '', 'Tv. Fluminense, 155 - São Tomé de Paripe, Salvador - BA, 40800-200', true);
insert into public.nutritionist_schools (profile_id, school_id) values ('user-flavia.franco', 'school-162') on conflict do nothing;
insert into public.schools (id, row_number, code, name, short_name, route_id, company, address, active) values ('school-163', 163, '1117', '1117 - ESCOLA MUNICIPAL ANFILOFIO DE CARVALHO', 'ESCOLA MUNICIPAL ANFILOFIO DE CARVALHO', 'route-suburbio-i', '', 'Rua Osvaldo Deway, antiga Eugenio Birne, s/n - (71) 3611-5901 - Periperi, Salvador - BA, 40720-318', true);
insert into public.nutritionist_schools (profile_id, school_id) values ('user-flavia.franco', 'school-163') on conflict do nothing;
insert into public.schools (id, row_number, code, name, short_name, route_id, company, address, active) values ('school-164', 164, '1123', '1123 - ESCOLA MUNICIPAL PRESIDENTE MEDICI', 'ESCOLA MUNICIPAL PRESIDENTE MEDICI', 'route-suburbio-i', '', 'Rua Ruy Barbosa, 9 - Paripe, Salvador - BA, 40820-050', true);
insert into public.nutritionist_schools (profile_id, school_id) values ('user-flavia.franco', 'school-164') on conflict do nothing;
insert into public.schools (id, row_number, code, name, short_name, route_id, company, address, active) values ('school-165', 165, '1126', '1126 - ESCOLA MUNICIPAL MIRANTES DE PERIPERI', 'ESCOLA MUNICIPAL MIRANTES DE PERIPERI', 'route-suburbio-i', '', 'R. do Curió, 1085 - Periperi, Salvador - BA, 40720-272', true);
insert into public.nutritionist_schools (profile_id, school_id) values ('user-flavia.franco', 'school-165') on conflict do nothing;
insert into public.schools (id, row_number, code, name, short_name, route_id, company, address, active) values ('school-166', 166, '1127', '1127 - ESCOLA MUNICIPAL ALTO DE COUTOS', 'ESCOLA MUNICIPAL ALTO DE COUTOS', 'route-suburbio-i', '', 'Rua Golan, 85 - Coutos, Salvador - BA, 40750-270', true);
insert into public.nutritionist_schools (profile_id, school_id) values ('user-claudia.brim', 'school-166') on conflict do nothing;
insert into public.schools (id, row_number, code, name, short_name, route_id, company, address, active) values ('school-167', 167, '1130', '1130 - ESCOLA MUNICIPAL D PEDRO I', 'ESCOLA MUNICIPAL D PEDRO I', 'route-sem-rota', '', '', true);
insert into public.nutritionist_schools (profile_id, school_id) values ('user-flavia.franco', 'school-167') on conflict do nothing;
insert into public.schools (id, row_number, code, name, short_name, route_id, company, address, active) values ('school-168', 168, '1135', '1135 - CENTRO MUNICIPAL DE EDUCACAO INFANTIL ALVARO BAHIA', 'CENTRO MUNICIPAL DE EDUCACAO INFANTIL ALVARO BAHIA', 'route-sem-rota', '', '', true);
insert into public.nutritionist_schools (profile_id, school_id) values ('user-tassia.virginia', 'school-168') on conflict do nothing;
insert into public.schools (id, row_number, code, name, short_name, route_id, company, address, active) values ('school-169', 169, '1136', '1136 - CENTRO MUNICIPAL DE EDUCACAO INFANTIL HELIO VIANNA', 'CENTRO MUNICIPAL DE EDUCACAO INFANTIL HELIO VIANNA', 'route-suburbio-i', '', 'R. do Congo, 1318-1396 - Periperi, Salvador - BA, 40750-490 AO LADO DA ASSICIAÇÃO DE MORADORES DO CONGO', true);
insert into public.nutritionist_schools (profile_id, school_id) values ('user-claudia.brim', 'school-169') on conflict do nothing;
insert into public.cards (id, number, label, description, price, column_number, active) values ('card1', 1, 'CARD 1', 'CRECHE INTEGRAL', 10.25, 3, true);
insert into public.cards (id, number, label, description, price, column_number, active) values ('card2', 2, 'CARD 2', 'PRÉ ESCOLA INTEGRAL', 10.82, 4, true);
insert into public.cards (id, number, label, description, price, column_number, active) values ('card3', 3, 'CARD 3', 'CRECHE PARCIAL', 4.54, 5, true);
insert into public.cards (id, number, label, description, price, column_number, active) values ('card4', 4, 'CARD 4', 'PRÉ ESCOLA PARCIAL', 4.54, 6, true);
insert into public.cards (id, number, label, description, price, column_number, active) values ('card5', 5, 'CARD 5', 'FUND I', 3.47, 7, true);
insert into public.cards (id, number, label, description, price, column_number, active) values ('card6', 6, 'CARD 6', 'FUND I INTEGRAL', 7.95, 8, true);
insert into public.cards (id, number, label, description, price, column_number, active) values ('card7', 7, 'CARD 7', 'FUND II', 3.64, 9, true);
insert into public.cards (id, number, label, description, price, column_number, active) values ('card8', 8, 'CARD 8', 'FUND II INTEGRAL', 7.95, 10, true);
insert into public.cards (id, number, label, description, price, column_number, active) values ('card9', 9, 'CARD 9', 'EJA', 3.41, 11, true);
insert into public.cards (id, number, label, description, price, column_number, active) values ('card10', 10, 'DESJEJUM', 'LANCHE', 3.41, 12, true);
insert into public.cards (id, number, label, description, price, column_number, active) values ('card11', 11, 'CARD 11', 'ALMOÇO', 3.92, 13, true);
insert into public.settings (key, value) values ('app', '{"currentMonth": "2026-07", "reasons": ["Sem aula", "Segurança", "Greve", "Feriado", "Outro"], "workingDaysByMonth": {"2026-07": 22}}'::jsonb);
commit;
